{
  "short_term": {
    "timestamps": [
      "08:01:00",
      "08:02:00",
      "08:03:00",
      "08:04:00",
      "08:05:00",
      "08:06:00",
      "08:07:00",
      "08:08:00",
      "08:09:00",
      "08:10:00",
      "08:11:00",
      "08:12:00",
      "08:13:00",
      "08:14:00",
      "08:15:00"
    ],
    "speeds": [
      35.26156997680664,
      35.155723571777344,
      35.34539794921875,
      34.984928131103516,
      35.69834518432617,
      34.967281341552734,
      35.51140594482422,
      35.097511291503906,
      35.48681640625,
      35.62116622924805,
      35.70378875732422,
      35.646629333496094,
      35.971256256103516,
      35.16489791870117,
      35.666194915771484
    ],
    "granularity": 1,
    "weather_effect": true
  },
  "medium_term": {
    "timestamps": [
      "08:01:00",
      "08:02:00",
      "08:03:00",
      "08:04:00",
      "08:05:00",
      "08:06:00",
      "08:07:00",
      "08:08:00",
      "08:09:00",
      "08:10:00",
      "08:11:00",
      "08:12:00"
    ],
    "speeds": [
      35.050865173339844,
      34.79145812988281,
      35.7547492980957,
      35.04862594604492,
      36.10818862915039,
      35.98915481567383,
      35.97634506225586,
      36.150814056396484,
      36.64638137817383,
      36.17759323120117,
      36.292381286621094,
      35.99570083618164
    ],
    "granularity": 5,
    "weather_effect": true
  },
  "long_term": {
    "timestamps": [
      "08:01:00",
      "08:02:00",
      "08:03:00",
      "08:04:00",
      "08:05:00",
      "08:06:00",
      "08:07:00",
      "08:08:00",
      "08:09:00",
      "08:10:00",
      "08:11:00",
      "08:12:00"
    ],
    "speeds": [
      36.4344367980957,
      36.63517379760742,
      36.74329376220703,
      36.15031051635742,
      35.91331481933594,
      36.30390930175781,
      37.932342529296875,
      37.89312744140625,
      36.657127380371094,
      35.447505950927734,
      35.68452835083008,
      36.45109558105469
    ],
    "granularity": 30,
    "weather_effect": true
  },
  "cnn_lstm": {
    "timestamps": [
      "08:01:00",
      "08:02:00",
      "08:03:00",
      "08:04:00",
      "08:05:00",
      "08:06:00",
      "08:07:00",
      "08:08:00",
      "08:09:00",
      "08:10:00",
      "08:11:00",
      "08:12:00",
      "08:13:00",
      "08:14:00",
      "08:15:00",
      "08:16:00",
      "08:17:00",
      "08:18:00",
      "08:19:00",
      "08:20:00",
      "08:21:00",
      "08:22:00",
      "08:23:00",
      "08:24:00"
    ],
    "speeds": [
      35.1481819152832,
      35.649600982666016,
      35.447505950927734,
      34.84034729003906,
      35.01405334472656,
      35.41133117675781,
      35.7993278503418,
      34.46566390991211,
      35.46552276611328,
      35.7916259765625,
      35.43452835083008,
      35.4004020690918,
      35.4180793762207,
      35.9979362487793,
      35.68024826049805,
      35.717777252197266,
      35.145572662353516,
      35.67255401611328,
      35.27602767944336,
      35.46582794189453,
      35.57417297363281,
      35.64800262451172,
      35.64845275878906,
      34.770851135253906
    ],
    "granularity": 5,
    "weather_effect": true
  }
}